,county_geo_key,county name,state_x,state abbreviation_x,airx,ozone,pm10,rskcyhanx,rskcyhunx,rskcyquak,rskcyrisk,geo_key,name,state_y,state abbreviation_y,longitude,latitude,airportdist,ancestamer,ancestamind,ancestasian,ancesteuro,ancesthawai,ancesthisp,ancestother,ancestunclassified,avgsaleprice,avg_prop_tax_year_count,cocrmcytotc,crmcytotc,daypop,edubach,eduagelt9_00,eduhsch,expfoodbev,exphealth,exphh,exphhops,exptotal,exptransport,three_bedindex,three_bed_county,idxexptotal,inccypcap,inccyavehh,medsaleprice,precipann,salestaxrate,trwave
0,CO48113,Dallas,Texas,TX,104,109,107,1030,74,24,217,ZI75390,Dallas,Texas,TX,-96.840650,32.814164,2,0,0,0,3,0,4,12,3,,,181,277,64,2,1,5,124,125,120,125,53627,132,0,1390,125,116104,64827,,37.05,6.25,53
1,CO48113,Dallas,Texas,TX,104,109,107,1030,74,24,217,ZI75251,Dallas,Texas,TX,-96.771521,32.917204,7,110,8,237,850,1,334,559,226,221151,,181,319,9287,632,0,129,56,55,54,60,23876,59,129,1390,55,49316,78448,221151,40.39,6.25,16
2,CO48113,Dallas,Texas,TX,104,109,107,1030,74,24,217,ZI75246,Dallas,Texas,TX,-96.770643,32.795407,6,27,14,81,185,1,1365,833,104,290156,334,181,347,8580,293,766,254,81,79,78,81,34751,85,81,1390,81,32462,72713,267187,37.05,6.25,30
3,CO48113,Dallas,Texas,TX,104,109,107,1030,74,24,217,ZI75202,Dallas,Texas,TX,-96.803858,32.781909,5,99,17,131,1005,5,372,988,243,227869,641,181,166,31959,935,63,233,56,53,53,63,24075,60,136,1390,56,74201,107188,201250,37.05,6.25,19
4,CO48113,Dallas,Texas,TX,104,109,107,1030,74,24,217,ZI75226,Dallas,Texas,TX,-96.774934,32.786490,6,65,20,171,448,0,1797,1517,234,202412,149,181,370,9339,602,1020,563,80,78,76,80,34140,86,103,1390,79,37050,69986,142500,37.05,6.25,28
5,CO48113,Dallas,Texas,TX,104,109,107,1030,74,24,217,ZI75201,Dallas,Texas,TX,-96.801727,32.788921,5,407,88,651,5329,21,1514,4828,1224,694674,1106,181,228,92288,4607,59,668,54,52,53,63,23637,59,159,1390,55,91175,139473,505875,37.05,6.25,16
6,CO48113,Dallas,Texas,TX,104,109,107,1030,74,24,217,ZI75219,Dallas,Texas,TX,-96.813994,32.811967,3,466,109,1559,6395,17,9712,7148,2113,339899,7626,181,308,33590,6572,2625,2356,70,69,68,75,30238,74,112,1390,70,62712,112875,268850,37.05,6.25,19
7,CO48113,Dallas,Texas,TX,104,109,107,1030,74,24,217,ZI75210,Dallas,Texas,TX,-96.742837,32.768991,8,80,9,14,48,4,2127,4662,788,74458,2062,181,277,6508,123,860,1796,87,84,83,77,36515,86,66,1390,85,10118,27787,38265,37.05,6.25,32
8,CO48113,Dallas,Texas,TX,104,109,107,1030,74,24,217,ZI75204,Dallas,Texas,TX,-96.790236,32.803217,5,1161,132,1905,9175,14,9173,10084,2955,361549,4689,181,282,43615,8942,2656,2636,63,61,61,69,27134,67,128,1390,63,59171,103629,352837,37.05,6.25,21
9,CO48113,Dallas,Texas,TX,104,109,107,1030,74,24,217,ZI75254,Dallas,Texas,TX,-96.807231,32.943798,7,450,80,1553,4921,11,10300,9109,1366,408484,3071,181,226,32457,5390,482,3015,70,69,68,71,30076,74,94,1390,70,35347,72689,157500,40.39,6.25,22
10,CO48113,Dallas,Texas,TX,104,109,107,1030,74,24,217,ZI75223,Dallas,Texas,TX,-96.747905,32.793831,7,76,47,113,543,10,10700,3089,522,274287,3412,181,329,11303,1035,2817,1825,112,109,107,106,47648,116,81,1390,111,18052,59358,267734,37.05,6.25,31
11,CO48113,Dallas,Texas,TX,104,109,107,1030,74,24,217,ZI75233,Dallas,Texas,TX,-96.872497,32.706895,10,174,33,42,537,2,8215,5218,596,156993,3107,181,325,13235,812,1483,2180,105,104,101,100,44898,109,78,1390,104,15815,49486,141015,37.92,6.25,31
12,CO48113,Dallas,Texas,TX,104,109,107,1030,74,24,217,ZI76155,Fort Worth,Texas,TX,-97.052633,32.822535,5,185,18,437,774,8,888,1937,291,,1,123,57,27734,972,23,616,52,49,52,55,22572,53,100,1338,52,36421,59561,,34.73,6.25,19
13,CO48113,Dallas,Texas,TX,104,109,107,1030,74,24,217,ZI75209,Dallas,Texas,TX,-96.825709,32.846125,1,569,39,340,4034,5,2749,4740,1495,633820,4598,181,283,13671,3239,1019,1633,85,87,85,94,37543,90,135,1390,87,70107,151713,521250,37.05,6.25,20
14,CO48113,Dallas,Texas,TX,104,109,107,1030,74,24,217,ZI75240,Dallas,Texas,TX,-96.779295,32.933227,7,324,60,919,2944,7,16613,6156,879,344302,3029,181,216,55823,2967,3710,3301,92,89,88,90,39209,96,93,1390,91,25715,68465,250000,40.39,6.25,23
15,CO48113,Dallas,Texas,TX,104,109,107,1030,74,24,217,ZI75001,Addison,Texas,TX,-96.842184,32.952099,7,458,49,1398,4044,11,5271,5184,920,298572,1959,181,165,47378,4029,363,1746,62,61,60,64,26678,66,112,1390,62,43105,77504,299100,38.02,6.25,22
16,CO48113,Dallas,Texas,TX,104,109,107,1030,74,24,217,ZI75207,Dallas,Texas,TX,-96.818735,32.781106,5,239,22,97,1901,3,2686,8219,1795,650000,10,181,272,47212,1131,668,3477,124,125,120,125,53625,132,152,1390,124,28557,64832,650000,37.05,6.25,53
17,CO48113,Dallas,Texas,TX,104,109,107,1030,74,24,217,ZI75206,Dallas,Texas,TX,-96.769446,32.833127,5,1076,169,2110,12233,10,11581,10252,3616,419789,7084,181,316,43709,10109,3642,2652,62,60,59,65,26542,65,114,1390,62,44220,79841,400000,37.05,6.25,23
18,CO48113,Dallas,Texas,TX,104,109,107,1030,74,24,217,ZI75205,Highland Park,Texas,TX,-96.794717,32.837134,3,1582,68,852,12527,2,1486,4440,3097,1139891,4302,181,115,43976,6123,215,664,103,100,100,115,45238,109,158,1390,105,88440,219232,900000,37.05,6.25,16
19,CO48113,Dallas,Texas,TX,104,109,107,1030,74,24,217,ZI75244,Farmers Branch,Texas,TX,-96.838805,32.921951,5,532,65,818,3977,1,3289,3784,989,437452,3211,181,223,62361,3426,339,1321,89,90,87,96,38990,94,124,1390,91,46494,107202,425000,37.05,6.25,21
20,CO48113,Dallas,Texas,TX,104,109,107,1030,74,24,217,ZI75249,Dallas,Texas,TX,-96.957236,32.642795,15,167,43,442,1299,6,4786,7748,637,148954,4677,181,200,7618,1458,209,2153,108,108,104,106,46537,115,112,1390,108,20543,63613,143796,37.92,6.25,32
21,CO48113,Dallas,Texas,TX,104,109,107,1030,74,24,217,ZI75225,Dallas,Texas,TX,-96.791251,32.862278,4,1442,42,437,13103,1,768,3088,3056,1033558,4894,181,198,35286,6508,84,593,103,104,103,120,45947,109,176,1390,107,101251,237498,875000,37.05,6.25,18
22,CO48113,Dallas,Texas,TX,104,109,107,1030,74,24,217,ZI75203,Dallas,Texas,TX,-96.808826,32.747705,7,170,57,54,230,3,9892,5864,550,123177,3061,181,282,22767,879,3849,2811,94,91,90,87,39806,96,78,1390,92,14726,41601,82310,37.05,6.25,32
23,CO48113,Dallas,Texas,TX,104,109,107,1030,74,24,217,ZI75252,Dallas,Texas,TX,-96.789978,32.997247,11,817,70,3467,7162,18,3633,7911,1674,354192,5879,62,75,26739,5570,111,2237,77,77,75,80,33467,81,80,1390,78,47151,94255,335500,40.39,6.25,23
24,CO48113,Dallas,Texas,TX,104,109,107,1030,74,24,217,ZI75116,Duncanville,Texas,TX,-96.911374,32.658893,14,888,57,300,2329,5,8713,6749,1500,130484,5243,181,91,20866,1935,693,3477,105,107,102,102,45367,111,87,1390,105,20398,60129,121056,37.92,6.25,26
25,CO48113,Dallas,Texas,TX,104,109,107,1030,74,24,217,ZI75039,Irving,Texas,TX,-96.940717,32.888701,5,306,62,6636,3349,15,2601,7012,1487,419591,2028,181,96,68743,6173,10,1060,64,62,62,75,27973,69,130,1390,65,76356,132934,407373,34.73,6.25,19
26,CO48113,Dallas,Texas,TX,104,109,107,1030,74,24,217,ZI75287,Dallas,Texas,TX,-96.844056,33.000899,11,1668,187,3836,14037,17,11003,19090,3826,297950,6230,62,88,26292,10782,483,5878,73,72,71,75,31514,78,76,1390,73,40121,77269,258313,38.02,6.25,25
27,CO48113,Dallas,Texas,TX,104,109,107,1030,74,24,217,ZI75231,Dallas,Texas,TX,-96.749679,32.874034,6,690,113,2693,5742,12,17166,13251,2604,304960,5456,181,223,57236,5018,4289,5983,87,83,83,85,36897,90,81,1390,86,28168,70389,319092,37.05,6.25,28
28,CO48113,Dallas,Texas,TX,104,109,107,1030,74,24,217,ZI75224,Dallas,Texas,TX,-96.838349,32.711524,9,241,107,629,1040,0,22241,11097,1056,146842,7084,181,303,27278,1614,3966,5730,113,110,108,105,47919,116,79,1390,111,13822,45911,135094,37.33,6.25,28
29,CO48113,Dallas,Texas,TX,104,109,107,1030,74,24,217,ZI75208,Dallas,Texas,TX,-96.840416,32.747098,7,280,123,173,2080,9,23456,5148,901,362163,7070,181,302,34258,2665,6129,4294,110,109,106,108,47240,115,84,1390,110,25368,78128,332500,37.05,6.25,26
30,CO48113,Dallas,Texas,TX,104,109,107,1030,74,24,217,ZI75137,Duncanville,Texas,TX,-96.909757,32.635128,15,684,54,304,3016,2,4983,8371,1469,185221,6160,181,92,14054,2468,247,2869,100,103,98,99,43502,107,106,1390,101,25128,70107,135557,37.92,6.25,26
31,CO48113,Dallas,Texas,TX,104,109,107,1030,74,24,217,ZI75054,Grand Prairie,Texas,TX,-97.047515,32.595545,21,322,25,878,1754,3,1412,2972,482,303442,3758,123,119,4188,1466,2,672,121,117,122,139,53440,126,87,1338,124,33823,109883,293531,37.92,6.25,28
32,CO48113,Dallas,Texas,TX,104,109,107,1030,74,24,217,ZI75247,Dallas,Texas,TX,-96.867799,32.817243,2,5,4,3,52,1,160,254,99,,16,181,299,56514,20,34,117,78,81,76,72,33350,79,83,1390,77,21555,40760,,37.05,6.25,31
33,CO48113,Dallas,Texas,TX,104,109,107,1030,74,24,217,ZI75238,Dallas,Texas,TX,-96.704177,32.876842,9,1488,106,978,8406,8,10767,10613,2486,362640,6726,181,247,37905,5820,1077,4208,92,92,90,95,39968,97,82,1390,93,32934,83356,339550,40.39,6.25,27
34,CO48113,Dallas,Texas,TX,104,109,107,1030,74,24,217,ZI75237,Dallas,Texas,TX,-96.874554,32.658218,13,215,26,85,199,14,2570,12700,1046,130697,1388,181,65,23377,795,300,3662,75,72,71,68,31498,76,77,1390,73,15445,35842,130899,37.92,6.25,32
35,CO48113,Dallas,Texas,TX,104,109,107,1030,74,24,217,ZI75235,Dallas,Texas,TX,-96.839930,32.824110,2,84,71,1479,1126,7,12860,5666,1004,207217,2823,181,277,52611,2058,3373,4012,86,85,82,83,36649,90,98,1390,85,23574,56617,162500,37.05,6.25,23
36,CO48113,Dallas,Texas,TX,104,109,107,1030,74,24,217,ZI75218,Dallas,Texas,TX,-96.699627,32.842604,9,1163,62,298,6813,5,4855,7324,1992,319287,7824,181,317,18475,4490,885,2850,84,86,83,88,36708,89,107,1390,85,45283,98405,297000,38.73,6.25,27
37,CO48113,Dallas,Texas,TX,104,109,107,1030,74,24,217,ZI75230,Dallas,Texas,TX,-96.789729,32.901228,5,1282,56,992,11272,11,4460,7408,2773,659123,7550,181,296,44691,6955,463,2134,86,88,86,94,37956,91,101,1390,88,69869,149582,521250,37.05,6.25,20
38,CO48113,Dallas,Texas,TX,104,109,107,1030,74,24,217,ZI75248,Dallas,Texas,TX,-96.794078,32.967370,9,2113,104,1636,14683,20,5055,9540,2812,361877,10742,181,237,31516,8934,340,3078,83,85,82,88,36399,88,107,1390,85,49835,107970,362187,40.39,6.25,21
39,CO48113,Dallas,Texas,TX,104,109,107,1030,74,24,217,ZI75042,Garland,Texas,TX,-96.678342,32.918623,11,812,144,5104,2656,7,21364,9710,1739,128192,8255,181,121,44828,2090,4322,6842,112,112,108,105,47861,116,83,1390,111,14693,48405,124458,40.39,6.25,25
40,CO48113,Dallas,Texas,TX,104,109,107,1030,74,24,217,ZI75214,Dallas,Texas,TX,-96.749206,32.824798,6,1664,127,689,13608,7,8163,8891,3713,549715,9911,181,320,24851,9614,2358,2537,83,84,82,92,36481,88,101,1390,85,57847,123694,478172,37.05,6.25,24
41,CO48113,Dallas,Texas,TX,104,109,107,1030,74,24,217,ZI75180,Balch Springs,Texas,TX,-96.613999,32.720029,16,1002,110,167,1192,3,11534,8704,1404,105354,5788,181,149,19478,994,1315,4614,110,108,105,103,46896,115,89,1390,109,15059,48932,96219,37.84,6.25,32
42,CO48113,Dallas,Texas,TX,104,109,107,1030,74,24,217,ZI75082,Richardson,Texas,TX,-96.656334,32.992965,15,1090,68,6306,5445,19,1567,7422,1441,333404,6319,62,57,34105,5630,186,1571,118,121,118,132,52732,128,96,1390,122,48794,134668,303122,40.39,6.25,24
43,CO48113,Dallas,Texas,TX,104,109,107,1030,74,24,217,ZI75041,Garland,Texas,TX,-96.640370,32.881243,12,789,143,485,2448,10,18173,7979,1791,130319,7624,181,148,40668,1751,2907,5301,108,109,104,103,46429,114,92,1390,108,16549,52058,122474,40.39,6.25,28
44,CO48113,Dallas,Texas,TX,104,109,107,1030,74,24,217,ZI75232,Dallas,Texas,TX,-96.838178,32.664384,13,488,51,25,565,3,7203,19226,2122,114283,8820,181,304,24635,1645,1177,6383,98,99,95,91,41971,101,82,1390,97,15837,46029,97656,37.92,6.25,32
45,CO48113,Dallas,Texas,TX,104,109,107,1030,74,24,217,ZI75215,Dallas,Texas,TX,-96.765106,32.760635,8,111,50,46,562,2,1931,11578,1622,116810,5144,181,277,20400,1108,1439,3569,80,80,77,74,34040,81,86,1390,79,18802,43662,74000,37.05,6.25,32
46,CO48113,Dallas,Texas,TX,104,109,107,1030,74,24,217,ZI75243,Dallas,Texas,TX,-96.728311,32.910940,8,1334,146,4213,6600,11,14764,26664,3678,233564,10395,181,156,93889,6406,2029,9043,80,79,77,78,34382,83,82,1390,80,25120,58275,203656,40.39,6.25,24
47,CO48113,Dallas,Texas,TX,104,109,107,1030,74,24,217,ZI75081,Richardson,Texas,TX,-96.708206,32.945516,11,1447,141,6617,8629,21,5636,11847,3297,222724,9632,181,76,53171,6899,787,5040,97,99,95,99,42407,104,111,1390,98,31712,81950,219000,40.39,6.25,23
48,CO48113,Dallas,Texas,TX,104,109,107,1030,74,24,217,ZI75134,Lancaster,Texas,TX,-96.788908,32.617252,16,394,35,75,948,5,3938,14506,1605,120363,5960,181,109,18696,1676,596,4104,104,103,99,100,44395,109,98,1390,103,18685,55185,120093,38.69,6.25,30
49,CO48113,Dallas,Texas,TX,104,109,107,1030,74,24,217,ZI75212,Dallas,Texas,TX,-96.873758,32.783468,5,95,41,332,90,14,17692,7596,1500,463184,6217,181,253,31574,649,3976,4242,119,116,113,109,50431,122,65,1390,117,10869,39283,94610,37.05,6.25,28
50,CO48113,Dallas,Texas,TX,104,109,107,1030,74,24,217,ZI75048,Sachse,Texas,TX,-96.584478,32.976749,18,1476,126,2598,6635,9,3711,7250,2759,292880,7525,181,90,11009,3180,166,3785,118,120,115,125,51960,129,139,1390,121,32600,99902,284875,39.52,6.25,29
51,CO48113,Dallas,Texas,TX,104,109,107,1030,74,24,217,ZI75234,Farmers Branch,Texas,TX,-96.878944,32.928020,6,823,105,1205,5160,2,15853,7546,1595,206276,8386,181,149,68511,4033,2443,5281,100,103,98,100,43478,106,94,1390,101,27623,75506,175249,38.02,6.25,21
52,CO48113,Dallas,Texas,TX,104,109,107,1030,74,24,217,ZI75044,Garland,Texas,TX,-96.660020,32.956189,13,1239,177,7468,9053,21,8209,13096,3786,226653,12480,181,91,31187,7428,969,5331,100,102,97,100,43483,107,109,1390,101,29931,80135,188312,40.39,6.25,25
53,CO48113,Dallas,Texas,TX,104,109,107,1030,74,24,217,ZI75062,Irving,Texas,TX,-96.979547,32.849158,5,1109,226,4560,5937,99,21539,15249,4202,194978,9471,181,114,68696,5951,2116,8453,92,92,89,91,39556,97,90,1390,92,27086,71966,146894,34.73,6.25,21
54,CO48113,Dallas,Texas,TX,104,109,107,1030,74,24,217,ZI75227,Dallas,Texas,TX,-96.682871,32.767775,11,561,123,402,1223,2,34009,18921,2702,138212,12691,181,236,48112,2090,5682,10330,113,110,107,105,47877,117,85,1390,111,13595,45481,105750,37.05,6.25,32
55,CO48113,Dallas,Texas,TX,104,109,107,1030,74,24,217,ZI75228,Dallas,Texas,TX,-96.678455,32.824775,10,1121,258,1849,4989,30,33900,21634,4301,172442,15061,181,224,46923,4371,4690,10576,98,97,94,93,41780,101,76,1390,97,17680,49607,140875,38.59,6.25,30
56,CO48113,Dallas,Texas,TX,104,109,107,1030,74,24,217,ZI75080,Richardson,Texas,TX,-96.744935,32.969503,10,2665,165,3733,14666,15,9503,11408,3774,278918,12550,181,79,85133,10074,1363,4598,91,92,89,94,39691,97,108,1390,92,33908,82372,250000,40.39,6.25,22
57,CO48113,Dallas,Texas,TX,104,109,107,1030,74,24,217,ZI75089,Rowlett,Texas,TX,-96.546739,32.928000,18,1787,120,2531,7233,11,5616,11050,2693,228235,10254,181,55,23128,4272,190,4203,122,121,118,127,53205,132,89,1390,124,29655,93981,207342,39.34,6.25,32
58,CO48113,Dallas,Texas,TX,104,109,107,1030,74,24,217,ZI75061,Irving,Texas,TX,-96.967018,32.826876,6,843,151,1785,3140,40,35513,13538,2134,163623,9214,181,107,53191,3633,6118,9907,102,100,97,97,43398,106,83,1390,101,18128,53713,143625,34.73,6.25,25
59,CO48113,Dallas,Texas,TX,104,109,107,1030,74,24,217,ZI75220,Dallas,Texas,TX,-96.863192,32.866882,2,352,66,397,3050,7,35730,5335,1159,560946,5221,181,280,46529,2609,10238,6412,106,102,101,102,45145,111,79,1390,105,23528,73810,312500,37.05,6.25,25
60,CO48113,Dallas,Texas,TX,104,109,107,1030,74,24,217,ZI75172,Wilmer,Texas,TX,-96.685444,32.599329,20,148,20,7,193,2,2262,1479,190,100591,1483,181,76,2929,234,479,590,107,107,103,101,45575,111,57,1390,106,15452,48061,106613,38.69,6.25,27
61,CO48113,Dallas,Texas,TX,104,109,107,1030,74,24,217,ZI75007,Carrollton,Texas,TX,-96.893357,33.006203,11,1941,210,7437,12061,22,11827,14994,4234,234775,15736,63,69,50242,9969,1009,6869,106,109,106,111,46977,116,100,1390,109,34825,96668,222625,38.02,6.25,27
62,CO48113,Dallas,Texas,TX,104,109,107,1030,74,24,217,ZI75088,Rowlett,Texas,TX,-96.543805,32.895300,18,1503,99,1260,6646,6,4153,7972,3236,199254,8626,181,52,22512,3701,346,3791,118,119,115,122,51587,127,129,1390,120,32299,94040,181687,39.34,6.25,31
63,CO48113,Dallas,Texas,TX,104,109,107,1030,74,24,217,ZI75141,Hutchins,Texas,TX,-96.707726,32.648403,16,256,20,12,306,0,1926,2593,355,87604,1278,181,67,5589,216,317,1309,182,183,175,177,78198,192,83,1390,182,16422,54166,87500,38.69,6.25,27
64,CO48113,Dallas,Texas,TX,104,109,107,1030,74,24,217,ZI75229,Dallas,Texas,TX,-96.862732,32.896538,3,1018,72,829,8631,7,13815,6038,2624,519811,8255,181,316,51387,5712,2585,3419,108,108,106,113,47028,114,110,1390,109,45804,129828,366937,37.05,6.25,19
65,CO48113,Dallas,Texas,TX,104,109,107,1030,74,24,217,ZI75150,Mesquite,Texas,TX,-96.630247,32.815854,13,2442,226,2071,8546,30,20452,19426,5866,127716,13462,181,111,76411,4471,1493,10388,96,97,92,93,41201,101,98,1390,96,22425,59723,122302,40.16,6.25,27
66,CO48113,Dallas,Texas,TX,104,109,107,1030,74,24,217,ZI75236,Dallas,Texas,TX,-96.914406,32.682211,12,294,25,585,1156,1,7274,7557,928,199192,3067,181,200,24028,941,479,2772,109,105,103,104,46357,115,90,1390,108,19681,54325,162242,37.92,6.25,28
67,CO48113,Dallas,Texas,TX,104,109,107,1030,74,24,217,ZI75067,Lewisville,Texas,TX,-97.005983,33.018660,9,2076,236,5751,14660,40,20521,19304,5714,219067,11744,63,74,61335,9755,1467,9619,90,91,88,93,39415,98,95,1390,92,29192,72879,210151,37.37,6.25,26
68,CO48113,Dallas,Texas,TX,104,109,107,1030,74,24,217,ZI75038,Irving,Texas,TX,-96.985216,32.867564,3,534,134,7829,2902,65,7361,10170,1877,289160,2617,181,106,64211,5122,594,3446,79,76,75,80,33637,83,95,1390,78,30093,67253,219687,34.73,6.25,22
69,CO48113,Dallas,Texas,TX,104,109,107,1030,74,24,217,ZI75060,Irving,Texas,TX,-96.961017,32.802116,8,1013,218,2669,3534,20,26688,11440,2303,146648,11828,181,117,38199,3013,4120,8425,113,113,109,109,48457,119,86,1390,113,18046,57904,133780,34.73,6.25,28
70,CO48113,Dallas,Texas,TX,104,109,107,1030,74,24,217,ZI75253,Dallas,Texas,TX,-96.591408,32.684619,19,1008,67,63,1274,3,11250,5285,1272,152346,6442,181,188,11480,409,1337,3864,114,111,108,106,48231,118,90,1390,112,13970,47844,114854,37.84,6.25,31
71,CO48113,Dallas,Texas,TX,104,109,107,1030,74,24,217,ZI75051,Grand Prairie,Texas,TX,-97.005857,32.724755,12,637,145,1137,2113,9,25391,12318,1681,113080,8314,181,122,43687,2052,2842,8285,107,107,103,103,45930,112,83,1390,107,16496,51331,109938,37.92,6.25,26
72,CO48113,Dallas,Texas,TX,104,109,107,1030,74,24,217,ZI75216,Dallas,Texas,TX,-96.796048,32.709085,10,251,96,46,286,8,15775,29450,3799,68309,15225,181,291,42247,1266,4811,10967,96,95,92,87,40611,96,73,1390,94,11283,32832,61000,37.05,6.25,34
73,CO48113,Dallas,Texas,TX,104,109,107,1030,74,24,217,ZI75063,Irving,Texas,TX,-96.959837,32.925768,5,760,142,14877,5338,27,4785,12371,2713,372030,7049,181,115,94007,9698,155,2713,84,82,81,93,36541,90,114,1390,85,48578,107540,350312,34.73,6.25,22
74,CO48113,Dallas,Texas,TX,104,109,107,1030,74,24,217,ZI75040,Garland,Texas,TX,-96.622621,32.923581,14,1682,317,6574,6344,30,27690,18169,4154,150628,17174,181,110,52856,5683,3956,9921,117,118,113,114,50558,125,104,1390,117,20012,65055,141800,40.39,6.25,28
75,CO48113,Dallas,Texas,TX,104,109,107,1030,74,24,217,ZI75149,Mesquite,Texas,TX,-96.607499,32.767127,15,4832,200,1473,6220,25,18870,20960,4532,118943,15972,181,101,52184,3325,1949,11076,105,105,101,101,45102,111,100,1390,105,19880,59074,109250,37.84,6.25,29
76,CO48113,Dallas,Texas,TX,104,109,107,1030,74,24,217,ZI75006,Carrollton,Texas,TX,-96.881528,32.965370,8,1173,116,3579,6992,9,22783,11564,2479,207106,11037,181,76,80060,6225,3436,6298,101,103,99,101,43954,108,100,1390,102,26760,73894,199950,38.02,6.25,23
77,CO48113,Dallas,Texas,TX,104,109,107,1030,74,24,217,ZI75181,Mesquite,Texas,TX,-96.559519,32.736941,19,1314,91,1262,3242,16,7211,11657,2481,165479,8147,181,88,18500,2997,241,3795,123,122,118,124,53254,132,137,1390,124,24217,79256,160484,37.84,6.25,33
78,CO48113,Dallas,Texas,TX,104,109,107,1030,74,24,217,ZI75019,Coppell,Texas,TX,-96.979339,32.969219,6,2101,133,7584,13677,18,4982,12166,3557,381086,11666,181,48,55544,10732,211,2973,116,115,113,126,51146,126,127,1390,119,48538,137041,375000,35.27,6.25,25
79,CO48113,Dallas,Texas,TX,104,109,107,1030,74,24,217,ZI75211,Dallas,Texas,TX,-96.885486,32.736325,8,216,193,573,696,11,63135,9837,936,143141,13793,181,221,75429,2210,11803,11513,120,118,114,112,50946,125,82,1390,118,12868,46141,113794,37.05,6.25,28
80,CO48113,Dallas,Texas,TX,104,109,107,1030,74,24,217,ZI75043,Garland,Texas,TX,-96.597313,32.857058,15,2280,268,3769,9950,14,17095,19789,7190,167856,16823,181,96,43630,6119,1323,10112,101,103,98,100,43685,107,104,1390,101,24509,67594,150838,39.34,6.25,30
81,CO48113,Dallas,Texas,TX,104,109,107,1030,74,24,217,ZI75182,Sunnyvale,Texas,TX,-96.569823,32.799738,17,676,26,961,1203,1,769,1927,586,354577,2095,181,86,5788,965,53,804,115,117,112,119,50241,123,132,1390,117,34568,106515,373281,39.34,6.25,25
82,CO48113,Dallas,Texas,TX,104,109,107,1030,74,24,217,ZI75115,DeSoto,Texas,TX,-96.861073,32.596837,17,2169,120,440,5133,27,6807,34130,4480,184678,15588,181,98,41825,6413,772,7730,101,102,98,101,43865,107,107,1390,102,27094,73353,173256,37.92,6.25,30
83,CO48113,Dallas,Texas,TX,104,109,107,1030,74,24,217,ZI75050,Grand Prairie,Texas,TX,-97.016600,32.765942,9,1254,187,1175,5254,22,21693,11952,2796,188697,8664,181,131,61110,3943,3073,7936,94,93,91,92,40249,98,92,1390,93,23066,62247,147829,37.96,6.25,25
84,CO48113,Dallas,Texas,TX,104,109,107,1030,74,24,217,ZI75241,Dallas,Texas,TX,-96.783294,32.668555,13,295,77,41,347,5,3357,22985,2250,82888,8924,181,281,29315,1431,963,7378,97,97,93,89,41253,99,84,1390,96,14685,43188,76478,37.92,6.25,33
85,CO48113,Dallas,Texas,TX,104,109,107,1030,74,24,217,ZI75052,Grand Prairie,Texas,TX,-97.026876,32.673261,15,2207,377,9175,9325,103,31642,35532,5482,178672,24588,181,99,64101,11656,1490,13727,116,115,112,118,50298,125,109,1390,117,25660,79967,164150,37.92,6.25,28
86,CO48113,Dallas,Texas,TX,104,109,107,1030,74,24,217,ZI75217,Dallas,Texas,TX,-96.674394,32.724270,13,679,151,140,1109,5,54035,24085,2546,107681,20219,181,291,57281,1542,9591,14679,125,121,118,115,52833,129,84,1390,123,11607,43359,81500,38.12,6.25,32
87,CO48113,Dallas,Texas,TX,104,109,107,1030,74,24,217,ZI75146,Lancaster,Texas,TX,-96.781748,32.591811,18,725,43,29,1696,6,3347,11874,1518,141036,6298,181,141,16662,1838,410,3270,101,102,98,99,43677,108,106,1390,101,22373,62503,146712,38.69,6.25,29
88,CO48113,Dallas,Texas,TX,104,109,107,1030,74,24,217,ZI75104,Cedar Hill,Texas,TX,-96.943463,32.590193,19,1694,158,1060,6367,19,9456,26369,4248,188485,14677,181,68,36564,5547,493,6981,108,108,104,109,46769,115,125,1390,109,28154,81146,147985,37.92,6.25,31
89,CO48113,Dallas,Texas,TX,104,109,107,1030,74,24,217,ZI75098,Wylie,Texas,TX,-96.551188,33.016530,21,3556,279,2895,15136,24,9335,17077,6754,244740,16245,62,41,39462,8836,456,7949,119,123,118,126,52668,130,102,1390,122,30163,92940,228625,40.06,6.25,31
90,CO48113,Dallas,Texas,TX,104,109,107,1030,74,24,217,ZI76051,Grapevine,Texas,TX,-97.092899,32.931482,4,2910,249,2298,19731,96,9052,11850,5041,327437,12524,123,47,119510,10835,925,5926,93,91,94,102,40834,95,114,1338,95,42783,105466,309329,34.66,6.25,24
91,CO48113,Dallas,Texas,TX,104,109,107,1030,74,24,217,ZI75154,Red Oak,Texas,TX,-96.822672,32.533199,22,2415,185,238,8395,9,8800,15104,4717,197850,12942,67,70,26066,3896,702,6870,109,103,108,113,47360,115,100,1390,110,26954,81228,187431,38.60,6.25,32
92,CO48113,Dallas,Texas,TX,104,109,107,1030,74,24,217,ZI75159,Seagoville,Texas,TX,-96.552669,32.645815,22,2342,114,116,2623,9,6284,5843,2624,138813,5845,181,125,14223,1147,811,4629,116,116,113,114,50021,121,76,1390,116,19279,59615,124359,38.55,6.25,31
93,CO48113,Dallas,Texas,TX,104,109,107,1030,74,24,217,ZI75125,Ferris,Texas,TX,-96.654279,32.523689,25,301,32,14,1056,0,2803,2248,559,115427,2764,67,105,6809,336,427,1558,107,102,108,108,46665,111,82,1390,108,17711,57295,114046,38.69,6.25,35
94,CO06075,San Francisco,California,CA,87,101,102,0,0,456,2,ZI94104,San Francisco,California,CA,-122.402704,37.791248,12,5,2,234,48,1,44,108,24,1509959,150,136,58,47564,105,92,97,82,108,84,85,37312,88,75,3927,87,78926,132747,1550000,22.28,8.50,18
95,CO06075,San Francisco,California,CA,87,101,102,0,0,456,2,ZI94108,San Francisco,California,CA,-122.409006,37.792819,12,100,30,8847,1796,22,962,2900,510,2899400,1226,136,82,46121,3144,3220,1802,79,104,81,77,35582,82,71,3927,83,54176,96737,1095000,22.28,8.50,26
96,CO06075,San Francisco,California,CA,87,101,102,0,0,456,2,ZI94105,San Francisco,California,CA,-122.393852,37.788102,12,22,22,3097,1990,22,614,2551,654,1663791,3956,136,253,116175,3072,66,113,77,97,78,90,35146,85,177,3927,82,147591,230122,1424000,22.28,8.50,23
97,CO06075,San Francisco,California,CA,87,101,102,0,0,456,2,ZI94111,San Francisco,California,CA,-122.400533,37.797893,13,61,6,1601,1101,5,232,984,301,1544932,942,136,124,59430,1327,303,343,79,106,82,86,36461,85,123,3927,85,103320,161854,1200000,22.28,8.50,22
98,CO06075,San Francisco,California,CA,87,101,102,0,0,456,2,ZI94102,San Francisco,California,CA,-122.417478,37.780851,12,509,209,9377,5933,133,6328,11216,2250,1111654,1966,136,84,76809,7028,2658,4836,76,98,77,72,33949,80,63,3927,79,41274,70736,810000,22.28,8.50,25
99,CO06075,San Francisco,California,CA,87,101,102,0,0,456,2,ZI94130,San Francisco,California,CA,-122.372445,37.824749,11,56,16,520,435,22,700,929,283,,,136,56,3833,503,3,345,174,191,162,160,74014,180,89,3927,172,17385,61205,,22.28,8.50,33
100,CO06075,San Francisco,California,CA,87,101,102,0,0,456,2,ZI94133,San Francisco,California,CA,-122.410339,37.800254,13,181,19,14273,4222,44,1524,6592,1222,1869638,2221,136,88,39603,6485,5058,2704,88,117,90,90,39938,94,91,3927,93,55536,107997,1500000,22.28,8.50,27
101,CO06075,San Francisco,California,CA,87,101,102,0,0,456,2,ZI94123,San Francisco,California,CA,-122.436581,37.800287,13,557,20,2522,12248,23,1368,4975,2338,2704756,3225,136,212,21547,9247,382,928,82,106,85,95,37746,89,121,3927,88,100902,169061,2200000,22.28,8.50,28
102,CO06075,San Francisco,California,CA,87,101,102,0,0,456,2,ZI94115,San Francisco,California,CA,-122.436388,37.785245,12,478,50,6927,11449,80,2753,10959,2561,2004116,4575,136,129,41575,9783,1211,2595,87,113,89,93,39724,94,102,3927,92,72564,135147,1375000,22.28,8.50,27
103,CO06075,San Francisco,California,CA,87,101,102,0,0,456,2,ZI94158,San Francisco,California,CA,-122.392339,37.771999,11,137,19,3522,1191,10,790,2568,441,1374570,1255,136,317,6646,2253,0,494,87,109,87,97,39236,95,146,3927,91,77960,145748,1301000,22.28,8.50,17
104,CO06075,San Francisco,California,CA,87,101,102,0,0,456,2,ZI94109,San Francisco,California,CA,-122.420045,37.790945,12,900,184,16187,15905,98,6671,16045,3624,1355567,6865,136,98,59307,18022,4318,5020,75,98,77,78,34045,81,96,3927,79,63948,105357,1050000,22.28,8.50,26
105,CO06075,San Francisco,California,CA,87,101,102,0,0,456,2,ZI94103,San Francisco,California,CA,-122.413890,37.774183,11,525,286,9434,4883,113,6883,10045,2074,972310,3522,136,109,98741,8156,2430,4299,89,116,90,91,40244,96,70,3927,93,56088,106080,775000,22.28,8.50,26
106,CO06075,San Francisco,California,CA,87,101,102,0,0,456,2,ZI94114,San Francisco,California,CA,-122.434801,37.758285,10,705,70,3309,15042,37,3195,7903,2501,1726645,6592,136,185,24478,9675,505,1555,95,123,97,105,43678,104,119,3927,101,87059,165628,1550000,22.28,8.50,28
107,CO06075,San Francisco,California,CA,87,101,102,0,0,456,2,ZI94117,San Francisco,California,CA,-122.442931,37.771142,11,669,105,4468,16076,66,4131,10746,3918,1525607,4876,136,135,41182,12975,654,1901,99,126,100,108,45112,109,111,3927,105,65274,137154,1325000,22.28,8.50,28
108,CO06075,San Francisco,California,CA,87,101,102,0,0,456,2,ZI94127,San Francisco,California,CA,-122.458131,37.735657,9,265,30,5525,5423,23,1830,5688,1060,1584033,7148,136,155,14689,5424,602,1251,133,176,137,143,61313,144,123,3927,142,67464,170242,1450000,22.28,8.50,28
109,CO06075,San Francisco,California,CA,87,101,102,0,0,456,2,ZI94107,San Francisco,California,CA,-122.396218,37.770246,11,376,78,8365,8166,186,3255,9588,1999,1328797,8728,136,177,65699,9911,896,1737,91,116,93,102,41540,99,126,3927,96,85198,157733,1150000,22.28,8.50,24
110,CO06075,San Francisco,California,CA,87,101,102,0,0,456,2,ZI94118,San Francisco,California,CA,-122.462013,37.781244,12,467,52,14101,9904,64,2772,10782,2617,1945407,4847,136,116,43919,10894,2157,2702,108,140,110,115,49061,116,107,3927,114,63662,139512,1550000,22.28,8.50,29
111,CO06075,San Francisco,California,CA,87,101,102,0,0,456,2,ZI94131,San Francisco,California,CA,-122.439146,37.743833,9,541,57,4971,9360,58,3456,7272,1863,1426456,7867,136,129,17522,7259,762,1536,102,135,105,109,46866,111,117,3927,109,65509,137434,1278870,22.28,8.50,29
112,CO06075,San Francisco,California,CA,87,101,102,0,0,456,2,ZI94129,San Francisco,California,CA,-122.466310,37.796306,13,71,8,295,1587,20,251,766,450,,6,136,41,5963,1172,0,22,143,179,145,170,65665,159,174,3927,152,74870,220426,,22.28,8.50,28
113,CO06075,San Francisco,California,CA,87,101,102,0,0,456,2,ZI94110,San Francisco,California,CA,-122.416232,37.751127,10,658,197,9095,12098,199,27702,17926,4581,1380795,9394,136,133,57991,17010,8288,7272,118,152,120,125,53691,128,98,3927,125,49666,124329,1250000,22.28,8.50,28
114,CO06075,San Francisco,California,CA,87,101,102,0,0,456,2,ZI94122,San Francisco,California,CA,-122.484724,37.759278,12,451,76,27488,8643,86,3551,14064,2525,1139054,11539,136,161,35866,14211,3708,5234,118,155,121,123,53831,128,108,3927,125,44531,111720,1103000,19.77,8.50,33
115,CO06075,San Francisco,California,CA,87,101,102,0,0,456,2,ZI94134,San Francisco,California,CA,-122.410616,37.719053,7,124,65,23855,795,652,9006,7058,951,678656,8328,136,147,25566,5301,5501,7557,161,211,163,154,72594,172,80,3927,169,22507,81007,706000,22.28,8.50,33
116,CO06075,San Francisco,California,CA,87,101,102,0,0,456,2,ZI94116,San Francisco,California,CA,-122.487495,37.744079,11,304,61,24358,4983,59,2885,10251,2028,1133188,13099,136,183,31719,10118,3086,5038,134,177,137,139,61301,145,107,3927,142,45800,128690,1086500,19.77,8.50,34
117,CO06075,San Francisco,California,CA,87,101,102,0,0,456,2,ZI94121,San Francisco,California,CA,-122.490754,37.778607,13,348,76,19139,7394,48,2759,11193,1952,1470265,6458,136,120,30552,10294,3087,3721,109,146,112,112,49980,118,100,3927,116,47973,112912,1225000,19.77,8.50,33
118,CO06075,San Francisco,California,CA,87,101,102,0,0,456,2,ZI94112,San Francisco,California,CA,-122.442258,37.719722,8,235,137,40705,2563,282,24275,12903,2002,809727,17190,136,138,93474,11673,9137,14530,163,216,166,162,74162,177,96,3927,172,26136,93433,820000,22.28,8.50,31
119,CO06075,San Francisco,California,CA,87,101,102,0,0,456,2,ZI94132,San Francisco,California,CA,-122.477150,37.720765,9,155,80,12039,3991,93,3660,8785,1166,1014563,5286,136,152,65064,5578,959,2810,122,154,122,117,54545,130,112,3927,127,32190,88029,1012500,19.77,8.50,32
120,CO06075,San Francisco,California,CA,87,101,102,0,0,456,2,ZI94124,San Francisco,California,CA,-122.390993,37.729810,8,287,125,12638,1007,987,9959,13791,1921,630114,6951,136,83,49363,4460,3456,6276,151,195,153,144,67972,162,69,3927,158,21860,75279,640000,22.28,8.50,30
121,CO28059,Jackson,Mississippi,MS,83,99,74,72,381,28,248,ZI39567,Pascagoula,Mississippi,MS,-88.543480,30.361710,29,1089,47,58,2637,2,784,3739,2176,,3144,64,229,19017,939,428,2106,86,73,92,87,37129,84,83,1149,86,23367,59147,,67.01,7.00,17
122,CO28059,Jackson,Mississippi,MS,83,99,74,72,381,28,248,ZI39581,Pascagoula,Mississippi,MS,-88.520239,30.366757,28,803,24,158,2237,9,1619,4597,2199,,2358,64,195,11866,945,407,2492,88,73,93,88,37839,86,89,1149,88,20164,53539,,67.01,7.00,19
123,CO28059,Jackson,Mississippi,MS,83,99,74,72,381,28,248,ZI39563,Moss Point,Mississippi,MS,-88.527821,30.407154,26,977,27,50,1472,3,252,8210,2128,,4181,64,159,13569,858,704,3835,85,73,90,83,36505,82,83,1149,85,19612,50045,,67.01,7.00,22
124,CO28059,Jackson,Mississippi,MS,83,99,74,72,381,28,248,ZI39553,Gautier,Mississippi,MS,-88.644169,30.406278,25,1495,86,326,4226,7,1087,6847,3141,,5516,64,4,12368,1531,390,3681,89,77,95,91,38718,89,91,1149,90,22723,60201,,72.10,7.00,23
125,CO28059,Jackson,Mississippi,MS,83,99,74,72,381,28,248,ZI39564,Ocean Springs,Mississippi,MS,-88.777524,30.405013,17,3681,147,1211,15412,26,1807,9171,7822,,13764,64,46,33427,4688,591,5726,93,79,99,98,40495,93,117,1149,94,30237,79328,,72.10,7.00,22
126,CO28059,Jackson,Mississippi,MS,83,99,74,72,381,28,248,ZI39532,Biloxi,Mississippi,MS,-88.931057,30.461212,9,3774,150,2187,12704,37,1506,10387,5762,181957,10547,121,91,22742,3065,844,6623,90,79,94,91,38738,89,105,1066,90,25003,64836,162625,64.84,7.00,23
127,CO28059,Jackson,Mississippi,MS,83,99,74,72,381,28,248,ZI39562,Escatawpa,Mississippi,MS,-88.507256,30.553407,19,4060,58,73,4877,3,258,3342,4698,,5780,64,10,11914,780,551,4426,93,81,99,95,40479,93,72,1149,94,23267,63758,,72.10,7.00,29
128,CO28059,Jackson,Mississippi,MS,83,99,74,72,381,28,248,ZI39565,Vancleave,Mississippi,MS,-88.756709,30.532106,20,3429,107,346,7327,11,426,3323,4598,,6436,64,3,13060,1408,593,4398,99,84,105,103,42999,99,90,1149,100,24237,69057,,72.10,7.00,30
129,CO28059,Jackson,Mississippi,MS,83,99,74,72,381,28,248,ZI39573,Perkinston,Mississippi,MS,-89.178315,30.721326,23,1595,42,39,2864,4,148,2181,2260,78125,2306,38,26,11162,575,314,2104,96,85,101,95,41445,94,85,918,96,20264,55137,47500,64.46,7.00,36
130,CO28059,Jackson,Mississippi,MS,83,99,74,72,381,28,248,ZI39452,Lucedale,Mississippi,MS,-88.576738,30.868730,24,5815,95,69,8424,3,511,5127,8007,92000,4959,8,8,22205,1432,1331,7619,94,81,101,96,41110,95,77,995,95,20786,57931,92000,65.69,7.00,37
